72,32,11,Ajay
36,87,11,Hemanth
104,16,11,Ganesh
120,44,11,Perumal
287,272,4,Shu
105,44,11,Dan
201,23,11,Lori
130,92,11,Sean
295,290,8,Rachel
216,92,11,Chris
285,272,5,Tsvi
59,18,11,Annik
69,16,11,Bob
83,214,11,Rajesh
115,163,11,Janeth
93,214,11,Lorraine
76,23,11,Kok-Ho
215,126,11,Andrew
2,7,11,Kevin
213,188,11,Jan
170,142,11,Dragan
250,53,11,Frank
179,18,11,Suchitra
218,147,11,Shelley
126,23,11,Jeff
228,66,11,Betsy
91,18,11,Margie
183,40,11,Chad
53,23,11,Reuben
239,18,11,Kim
29,89,11,Paul
180,44,11,Karen
27,23,11,Zheng
28,111,11,Ivo
194,214,11,Ken
159,126,11,Alex
50,40,11,Jun
242,278,11,Frank
158,32,11,Hao
166,18,11,Jose
210,46,11,Brian
185,201,11,Belinda
103,147,11,Lane
291,290,10,Jae
88,188,11,David
275,7,11,John
33,214,11,Alejandro
102,89,11,Michael
200,138,11,Michael
32,143,11,Paula
39,9,11,Simon
253,53,11,Patrick
229,222,11,Magnus
95,53,11,Ryan
38,40,11,Alice
144,112,11,Laura
62,76,11,Jim
296,294,9,Lynn
136,177,11,Michiko
265,278,11,Ben
281,272,2,Michael
188,23,11,Jack
195,32,11,Grant
18,23,11,Jo
249,66,11,Patrick
75,138,11,Sandra
68,44,11,Janaina
153,44,11,Ramesh
26,188,11,David
114,43,11,Mark
140,18,11,Britta
80,186,11,Nitin
118,111,11,Paul
257,43,11,Sootha
164,186,11,John
266,66,11,Tom
217,18,11,Chris
67,147,11,Raymond
79,43,11,Sean
252,27,11,Christopher
30,154,11,Ashvini
146,138,11,Andy
94,147,11,Fadi
176,89,11,Baris
98,46,11,William
274,3,11,Sharon
24,201,11,Stuart
223,20,11,Charles
237,278,11,Gordon
189,23,11,Andrew
21,189,11,Diane
25,201,11,Greg
256,66,11,Danielle
64,188,11,George
173,40,11,Don
171,177,11,Carol
219,214,11,Gabe
182,142,11,Barbara
205,142,11,Janet
165,92,11,Karen
236,111,11,Hung-Fu
244,53,11,Eric
113,138,11,Jason
54,126,11,Kirk
174,46,11,Alan
288,272,6,Jos‚
154,44,11,Stephanie
121,16,11,Diane
132,18,11,Mark
58,214,11,Kevin
135,46,11,Sairaj
289,272,1,David
169,76,11,Sameer
151,147,11,Linda
71,40,11,Linda
40,23,11,Jinghao
14,112,11,Terri
198,9,11,Thomas
16,23,11,Taylor
122,7,11,Jill
149,43,11,Andreas
128,186,11,Barbara
96,142,11,Candy
211,40,11,Kitti
6,267,11,Thierry
142,143,11,David
270,278,11,Reinout
117,162,11,Gigi
181,147,11,Terrence
224,27,11,Ebru
111,23,11,Eric
60,40,11,Suroor
167,76,11,Mandar
203,186,11,Stefen
5,3,11,Rob
206,76,11,Elizabeth
20,23,11,John
260,27,11,John
193,111,11,Anibal
230,20,11,Karan
269,267,11,Janice
208,188,11,John
245,278,11,Eric
263,51,11,Stuart
214,23,11,Brenda
43,204,11,Peng
46,23,11,A. Scott
123,40,11,Angela
279,73,11,Sheela
197,163,11,Lionel
45,76,11,Russell
4,3,11,Rob
196,40,11,Michael
247,20,11,Maciej
78,9,11,James
150,188,11,Reed
11,3,11,Gail
157,16,11,Denise
87,23,11,Pilar
290,277,11,Amy
85,40,11,John
8,112,11,David
66,23,11,Cristian
204,23,11,Hazem
56,92,11,Tengiz
199,87,11,Jimmy
161,18,11,Brandon
273,7,11,Wanida
262,111,11,Olinda
221,162,11,Michael
23,112,11,Peter
143,112,11,Laura
225,111,11,Sylvester
192,154,11,Peter
276,7,11,Mary
116,188,11,Marc
55,20,11,David
156,214,11,Tawana
89,23,11,David
124,87,11,Matthias
286,272,1,Pamela
277,112,11,Brian
82,18,11,Rebecca
41,186,11,Michael
267,3,11,Ovidiu
51,222,11,Christian
100,177,11,Bjorn
227,278,11,Linda
7,112,11,David
148,163,11,Robert
172,89,11,Rob
129,126,11,Chris
47,214,11,Fred
141,214,11,Brian
13,3,11,Jossef
178,20,11,Steve
49,32,11,Willis
243,111,11,Min
44,112,11,Jean
231,27,11,Mary
74,87,11,Kim
84,32,11,Vidur
191,16,11,Frank
261,53,11,Jack
168,278,11,Mikael
112,,11,Ken
134,76,11,Houman
37,87,11,Vamsi
61,142,11,Deborah
131,44,11,Dan
108,214,11,Paula
240,53,11,Sandeep
57,147,11,Hanying
234,189,11,Bonnie
202,278,11,Arvind
109,7,11,Mary
133,142,11,Bryan
137,188,11,Benjamin
268,278,11,Annette
90,126,11,Laura
233,53,11,Mihail
65,89,11,Gary
22,177,11,Steven
101,201,11,Scott
3,14,11,Roberto
271,3,11,Michael
264,51,11,Jo
283,272,3,Jillian
35,138,11,Jian Shuo
12,189,11,Barry
70,214,11,Shammi
9,23,11,JoLynn
177,23,11,Michael
160,9,11,Eugene
162,3,11,Dylan
212,20,11,Jay
251,18,11,Ed
207,7,11,Terry
186,23,11,Katie
107,76,11,Lolan
19,189,11,Doris
280,73,11,Sheela
220,142,11,Mike
248,278,11,Erin
48,7,11,Sariya
92,204,11,Zainal
258,20,11,Michael
222,152,11,Gary
147,23,11,Yuhong
139,201,11,Kathie
259,20,11,Randy
17,189,11,Jeffrey
155,111,11,Samantha
241,111,11,Prasanna
293,272,1,Tete
226,53,11,Brian
73,143,11,Wendy
235,278,11,Fukiko
15,189,11,Sidney
97,76,11,Nuan
238,66,11,Kimberly
119,214,11,Frank
42,163,11,Yvonne
246,51,11,Pat
1,18,11,Guy
272,277,11,Stephen
152,112,11,James
127,188,11,Eugene
106,143,11,David
52,188,11,Susan
175,188,11,David
34,188,11,Garrett
294,277,11,Syed
31,16,11,Kendall
110,40,11,Mindaugas
209,177,11,Merav
184,138,11,Rostislav
284,272,6,Garrett
10,189,11,Ruth
292,290,7,Ranjit
255,51,11,Lori
282,272,4,Linda
254,111,11,Krishna
99,46,11,William
145,40,11,Michael
86,9,11,Nancy
190,89,11,Nicole
138,23,11,Cynthia
163,23,11,Shane
187,188,11,Russell
77,163,11,Douglas
232,27,11,Kevin
278,73,11,Sheela
81,162,11,Diane
125,9,11,Bryan
63,177,11,Carole
