27,Bike Stands,4
35,Panniers,4
23,Socks,3
11,Headsets,2
32,Hydration Packs,4
20,Gloves,3
8,Cranksets,2
16,Touring Frames,2
29,Cleaners,4
37,Tires and Tubes,4
25,Vests,3
5,Bottom Brackets,2
13,Pedals,2
1,Mountain Bikes,1
26,Bike Racks,4
34,Locks,4
22,Shorts,3
10,Forks,2
31,Helmets,4
19,Caps,3
7,Chains,2
15,Saddles,2
3,Touring Bikes,1
28,Bottles and Cages,4
36,Pumps,4
24,Tights,3
4,Handlebars,2
12,Mountain Frames,2
33,Lights,4
21,Jerseys,3
9,Derailleurs,2
17,Wheels,2
30,Fenders,4
18,Bib Shorts,3
6,Brakes,2
14,Road Frames,2
2,Road Bikes,1
